id,firstname,lastname
34292,Joshua,Davis
34293,Karen,Flores
34294,Julia,Walker
34295,Cynthia,Robinson
34296,Bonnie,Hall
34297,Gary Lee,Lee
34298,Ruby,Thompson
34299,Heather,Miller
34300,Mary,Mitchell
34301,Carlos,Ross
34302,Dorothy,Green
34303,Joan,Wood
34304,Judy,Jones
34305,Nancy,Turner
34306,Mark,Phillips
34307,Gregory,Gonzales
34308,Shawn,Rivera
34309,Lois,James
34310,William,Sanders
34311,Barbara,Peterson
34312,Douglas,Cook
34313,Helen,Allen
34314,Melissa,Price
34315,Russell,Reed
34316,Stephen,Martinez
